856,River Street 4629,9
958,Williams Street 4489,2
600,John Street 2589,2
463,Briarwood Drive 2832,0
832,Franklin Court 3534,8
127,Cottage Street 3351,4
928,Main Street 992,0
635,Jefferson Avenue 1271,2
240,River Street 737,9
302,Laurel Lane 4391,6
817,Summit Avenue 2923,4
87,Route 1 3135,6
518,Olive Street 4288,7
191,Linden Avenue 1271,1
416,River Street 3285,5
809,Laurel Drive 4610,7
107,John Street 2613,9
572,Maiden Lane 2307,7
642,Garfield Avenue 1232,8
7,Rose Street 801,1
914,Laurel Lane 3419,5
123,Woodland Drive 3813,8
825,Arlington Avenue 3914,1
762,Pleasant Street 2522,1
480,Garfield Avenue 3840,2
749,Franklin Court 3590,2
1059,Pleasant Street 1866,9
13,Heather Lane 2561,1
35,Williams Street 3205,3
683,Madison Avenue 1078,4
291,Laurel Drive 149,2
868,Front Street North 4654,3
806,Highland Drive 4574,8
870,Laurel Drive 4275,3
453,Front Street North 3343,3
753,Williams Street 4508,0
78,Summit Avenue 1846,1
1092,John Street 4343,6
891,Atlantic Avenue 2497,1
171,Woodland Drive 1057,4
232,Cottage Street 4390,7
496,Madison Avenue 4835,2
72,Grand Avenue 2209,2
696,Grand Avenue 4477,6
571,Hanover Court 4550,0
361,Garfield Avenue 2017,4
759,Forest Street 2493,0
421,Grand Avenue 1516,2
1008,Andover Court 4195,7
268,Av. Apoquindo 8613,5
277,Clay Street 871,4
926,Fairway Drive 4763,1
1053,Route 1 474,9
160,Avda. Concha y Toro 3999,7
285,Crescent Street 822,5
50,Summit Avenue 1417,9
988,Maiden Lane 4101,9
966,Monroe Street 3116,7
583,King Street 1142,8
366,Court Street 4965,1
963,Rose Street 366,1
219,John Street 2441,0
1009,Compañía de Jesús N°1625,0
562,Cedar Lane 3545,2
618,Maiden Lane 584,7
876,Main Street 1737,1
1077,Franklin Court 3640,8
276,Clay Street 750,8
208,Front Street North 632,1
885,Charles Street 158,0
362,Front Street North 1809,0
117,Linden Avenue 2922,9
593,John Street 835,1
744,Crescent Street 1818,0
1069,Ann Street 3644,9
100,Garfield Avenue 2603,1
510,Broad Street 1832,5
158,Atlantic Avenue 1604,7
931,Olive Street 2061,2
1081,Highland Drive 1213,7
919,Garfield Avenue 4106,4
102,Williams Street 3510,0
564,Charles Street 4347,8
452,Forest Street 3040,1
36,Woodland Drive 3560,6
509,Main Street 1587,9
705,John Street 1789,9
694,Atlantic Avenue 2163,2
254,Highland Drive 4013,2
31,White Street 744,8
12,Crescent Street 1425,5
1079,Av. Providencia 1337,5
263,Warren Avenue 295,0
815,Forest Street 4107,8
1026,Essex Court 3042,3
708,Orchard Avenue 2077,9
1060,Av. Tobalaba 117,3
89,Highland Drive 4146,5
1030,Front Street North 2761,5
105,Briarwood Drive 3382,3
18,King Street 1466,0
318,Williams Street 2395,0
1073,Francisco Bilbao 084,7
516,Route 30 4375,1
743,John Street 2411,8
846,Briarwood Drive 4516,4
506,Franklin Avenue 4858,4
175,Essex Court 4227,7
626,Crescent Street 1888,1
892,Laurel Lane 2704,6
499,Route 30 2227,9
147,Ann Street 3244,9
1084,Maiden Lane 3379,7
937,Heather Lane 864,6
273,Maiden Lane 4538,1
691,Summit Avenue 4735,4
522,Broad Street 987,0
250,Charles Street 3718,1
923,Main Street 4574,7
1017,Orchard Avenue 3645,3
157,Summit Avenue 3326,4
729,Franklin Avenue 3200,8
944,Devon Court 1001,1
829,Devon Court 2686,9
1088,Route 1 3950,1
252,Warren Avenue 1987,9
476,Williams Street 3445,4
380,Andover Court 1355,8
326,Madison Avenue 3309,1
575,Court Street 3925,4
798,Court Street 782,8
972,Highland Drive 1326,0
393,Cedar Avenue 3394,3
329,Main Street 1443,3
505,Heather Lane 1081,1
1075,Monroe Street 1071,7
860,Broad Street 2653,5
119,Heather Lane 619,5
632,Linden Avenue 1131,5
524,Highland Drive 2965,7
1080,Laurel Drive 1156,7
794,John Street 2390,7
180,Pleasant Street 373,1
607,Essex Court 332,4
911,Court Street 2690,1
741,Clay Street 4552,1
973,Woodland Drive 2006,6
610,Charles Street 2233,0
778,21 de Mayo 543,6
229,Ann Street 4403,0
6,White Street 2449,1
954,Route 30 2584,6
341,King Street 3741,4
1082,River Street 2176,7
55,Cedar Avenue 2199,5
280,Ann Street 3226,5
787,Atlantic Avenue 3425,0
595,Highland Drive 1008,6
570,Franklin Avenue 3996,6
606,River Street 2143,9
1044,White Street 1153,3
245,John Street 2175,4
433,Madison Avenue 4799,8
244,Hanover Court 233,0
871,Willow Avenue 4120,4
742,Summit Avenue 1949,4
383,Franklin Avenue 4036,5
381,Warren Avenue 146,5
255,Clay Street 4052,1
766,Forest Street 4452,7
686,Hanover Court 2200,1
907,Madison Avenue 467,9
25,Front Street North 3783,0
602,Monroe Street 3763,8
163,Monroe Street 722,9
363,Forest Street 2768,1
347,Willow Avenue 4570,3
395,John Street 4672,4
946,Rose Street 4095,0
531,Fairway Drive 4498,3
189,Grand Avenue 1590,0
594,Arlington Avenue 4972,1
538,Country Club Road 730,2
242,Olive Street 836,9
917,Pleasant Street 227,6
313,River Street 4457,8
187,Rose Street 405,7
701,Maiden Lane 1583,5
436,Willow Avenue 2640,8
853,Franklin Court 4846,3
1062,Fairway Drive 3306,7
27,White Street 1207,6
775,Ann Street 1441,6
152,Devon Court 1310,0
588,Briarwood Drive 4966,2
534,Charles Street 4082,8
402,Country Club Road 4542,2
872,Summit Avenue 3409,9
667,Jefferson Avenue 96,1
646,Laurel Lane 2040,1
864,Orchard Avenue 886,8
14,King Street 2468,2
136,Monroe Street 3788,1
660,Ann Street 389,4
726,Woodland Drive 3138,5
333,Las Bellotas 200,2
159,Monroe Street 4067,4
1003,Route 1 494,2
237,Summit Avenue 628,1
1015,Av. Manuel Antonio Matta 1704,7
620,Country Club Road 1660,2
52,Warren Avenue 654,1
141,Madison Avenue 3001,6
993,Heather Lane 4128,4
688,Williams Street 3223,8
545,King Street 3801,0
251,Madison Avenue 139,8
348,Devon Court 4768,4
666,Orchard Avenue 447,1
544,Route 1 4882,8
281,John Street 3146,8
446,Charles Street 1043,8
145,River Street 4818,8
216,Court Street 3757,0
630,Crescent Street 2796,9
44,River Street 3210,0
59,Olive Street 3470,1
754,White Street 2344,2
616,Williams Street 661,8
181,Monroe Street 1385,0
578,Franklin Avenue 2321,3
396,Andover Court 2773,2
327,Olive Street 2800,3
443,Carlos Dittborn 300,2
397,Atlantic Avenue 3806,4
460,Cedar Lane 315,0
597,Laurel Lane 384,7
266,Forest Street 230,2
432,Ann Street 829,9
976,Summit Avenue 2386,8
462,Andover Court 2810,5
165,Pleasant Street 336,6
478,Laurel Drive 3477,9
776,Catedral 3336,8
805,Franklin Court 2990,8
672,Devon Court 627,1
184,Highland Drive 886,6
99,Maiden Lane 3721,9
915,Linden Avenue 98,2
613,Linden Avenue 1294,6
714,Court Street 1500,0
1034,King Street 2579,0
225,Willow Avenue 4908,4
448,Rose Street 2406,4
785,Cottage Street 80,3
573,Cottage Street 866,8
527,Jefferson Avenue 3467,4
32,Orchard Avenue 1304,2
875,Broad Street 4734,8
298,Grand Avenue 2112,1
82,Summit Avenue 3284,7
956,Summit Avenue 787,6
373,Heather Lane 1991,2
540,Warren Avenue 2279,1
340,Olive Street 4525,5
1058,Linden Avenue 3864,6
156,Olive Street 4029,8
865,Arlington Avenue 648,3
887,John Street 3104,0
466,Briarwood Drive 1647,7
555,Av. Apoquindo 7095,0
447,Country Club Road 536,6
198,Av. Gral. Bonilla 8220,9
689,Willow Avenue 227,4
624,River Street 682,5
494,Jefferson Avenue 495,0
193,Ann Street 1799,2
804,Route 1 3522,5
755,Monroe Street 3881,2
467,Route 30 2029,3
182,Willow Avenue 4808,1
598,Highland Drive 4538,7
66,Cedar Avenue 3816,4
831,Woodland Drive 116,6
34,Broad Street 1869,5
497,Av. Vicuña Mackenna 7897,5
317,Orchard Avenue 3076,3
797,Heather Lane 844,4
1037,Route 1 4389,0
411,Andover Court 2409,8
312,Willow Avenue 483,5
461,Court Street 3062,1
827,King Street 3002,9
151,King Street 3890,2
272,Summit Avenue 226,7
517,Olive Street 2656,0
315,Laurel Lane 2762,5
655,Cedar Avenue 1075,0
454,Franklin Avenue 980,2
669,Country Club Road 4784,2
867,Crescent Street 1459,8
869,Broad Street 4726,3
149,Grand Avenue 4767,2
153,Grand Avenue 1522,9
542,Garfield Avenue 2452,2
338,Clay Street 576,8
596,Ann Street 4222,8
121,Highland Drive 3387,9
543,Crescent Street 4981,0
822,Monroe Street 4744,1
405,John Street 4289,8
423,Forest Street 2220,4
488,Forest Street 384,7
791,Willow Avenue 2184,2
126,Highland Drive 950,0
761,White Street 343,8
71,Rose Street 4552,5
615,John Street 2805,1
874,Forest Street 2303,1
427,Garfield Avenue 3781,6
360,Clay Street 2767,0
213,Court Street 2153,8
746,Woodland Drive 3484,4
641,Devon Court 2571,0
501,Gran Avenida José Miguel Carrera 8870,1
60,Hanover Court 2620,7
135,Charles Street 3434,6
712,Country Club Road 3557,1
938,Andover Court 1949,4
359,Atlantic Avenue 4489,5
288,Charles Street 2985,2
8,Cedar Lane 2100,5
895,Route 1 3324,8
996,Heather Lane 2219,1
561,Av. Pedro de Valdivia 1664,7
730,Andover Court 519,8
577,Franklin Court 3064,2
979,Fairway Drive 4602,3
991,Ignacio Carrera Pinto altura 661,3
108,Warren Avenue 2893,3
774,Country Club Road 3172,3
190,Woodland Drive 3915,9
920,Essex Court 103,5
125,Cedar Lane 71,9
295,King Street 2448,5
401,River Street 746,6
81,Heather Lane 4358,5
444,Hanover Court 4199,7
3,Essex Court 2913,0
735,Orchard Avenue 87,5
981,Willow Avenue 3098,2
1065,Hanover Court 330,9
58,Crescent Street 3474,8
491,Grand Avenue 4437,8
223,Country Club Road 841,6
236,Route 30 2378,0
197,Clay Street 422,1
178,Williams Street 968,1
967,Route 30 740,6
862,Essex Court 2542,0
949,Garfield Avenue 2563,3
855,Willow Avenue 794,5
841,Laurel Drive 1290,9
342,Cedar Avenue 4441,2
316,Orchard Avenue 376,7
947,Maiden Lane 2048,1
199,Av. Tobalaba 117,0
217,Laurel Drive 3282,8
83,Route 30 786,9
167,Crescent Street 1316,9
1006,Grand Avenue 3499,3
1004,Crescent Street 3591,7
780,Route 1 3173,6
262,Laurel Lane 185,7
844,Orchard Avenue 3018,6
334,River Street 2083,8
1066,Ann Street 2086,1
673,River Street 2804,5
693,Jefferson Avenue 4153,6
941,Ann Street 4048,1
858,Heather Lane 3389,7
1090,Fairway Drive 621,4
431,Arlington Avenue 109,6
536,Country Club Road 1654,0
813,Ann Street 3281,5
88,Main Street 3682,0
356,Devon Court 2297,5
63,Clay Street 3396,1
513,Av. Providencia 011,0
951,Fairway Drive 823,8
174,John Street 2386,8
485,Williams Street 2863,7
434,Orchard Avenue 4597,8
707,River Street 3581,8
43,Cottage Street 2598,5
143,Arlington Avenue 268,5
301,Orchard Avenue 3603,5
260,Cedar Lane 3546,9
62,Grand Avenue 3236,3
137,Essex Court 4589,3
283,Front Street North 869,3
769,Hanover Court 3048,7
47,Madison Avenue 4519,3
179,White Street 4315,3
231,Jefferson Avenue 4092,8
19,Broad Street 4276,3
795,Woodland Drive 59,9
332,Franklin Court 4817,1
983,King Street 2216,3
346,White Street 3799,0
674,Monroe Street 4545,9
382,Clay Street 2293,5
437,Williams Street 652,3
495,Route 1 443,5
1070,Front Street North 3479,2
1046,Linden Avenue 2370,0
558,Hanover Court 978,9
406,Jefferson Avenue 3432,7
390,Atlantic Avenue 2932,9
556,Williams Street 3024,9
786,Hanover Court 4193,4
85,Route 30 4066,0
235,Highland Drive 4991,6
918,Grand Avenue 935,8
297,Hanover Court 967,5
820,Windsor Drive 954,0
1036,Country Club Road 1435,4
722,Linden Avenue 2700,1
344,Briarwood Drive 3263,8
1095,Front Street North 4989,9
438,Highland Drive 3737,2
882,Charles Street 3109,2
296,Cottage Street 158,5
415,Cedar Avenue 85,8
1051,Avda. Americo Vespucio 1775,3
261,Av. Ricardo Cumming 502,8
202,White Street 1015,6
407,Linden Avenue 4803,2
773,Rose Street 3267,5
493,Avda. Pajaritos 5090,9
739,Atlantic Avenue 1529,2
905,Franklin Court 158,1
351,Andover Court 3454,4
927,Highland Drive 267,0
873,Woodland Drive 4220,0
992,Franklin Avenue 306,5
866,Cottage Street 1127,0
370,Country Club Road 4157,9
770,King Street 2163,4
1028,Briarwood Drive 1977,4
1055,Olive Street 3159,1
777,Franklin Avenue 1230,9
120,Andover Court 1178,1
0,Arlington Avenue 4373,9
1001,Cedar Avenue 2582,6
337,Pleasant Street 3593,8
1067,Front Street North 361,7
925,King Street 652,3
665,Pleasant Street 3645,0
781,Williams Street 317,8
399,Cottage Street 2531,9
896,Heather Lane 3873,8
282,Pleasant Street 4409,6
414,Orchard Avenue 1593,6
790,Cedar Avenue 3465,5
170,Main Street 3792,0
757,Route 30 1523,9
526,Highland Drive 4325,7
489,Front Street North 392,9
201,Clay Street 1372,9
486,Front Street North 2520,6
913,Clay Street 1685,8
771,River Street 902,1
727,Pleasant Street 2789,9
439,Av. General Bonilla 5900,5
1,Devon Court 3282,7
609,Rose Street 669,7
420,River Street 1019,2
952,White Street 2547,0
210,Placer 1310,9
1087,Andover Court 4184,7
879,Essex Court 922,3
784,Cedar Avenue 226,6
631,Franklin Avenue 2144,7
465,Devon Court 1840,7
847,Highland Drive 4678,9
758,Orchard Avenue 1202,8
490,Maiden Lane 3658,5
487,Hanover Court 545,3
10,King Street 2722,8
934,Highland Drive 2749,5
1033,Williams Street 2504,4
710,Orchard Avenue 4853,8
449,Willow Avenue 1545,4
103,Route 30 1592,9
823,Willow Avenue 1859,2
256,Woodland Drive 2515,6
977,Charles Street 4122,5
435,Cedar Lane 4637,9
814,Main Street 1892,6
284,Warren Avenue 4563,4
130,Av. Santa Rosa 2374,5
768,Heather Lane 4365,7
661,Highland Drive 1885,4
388,Francisco Bilbao 3785,8
824,Atlantic Avenue 2423,8
902,Linden Avenue 3931,0
258,Highland Drive 278,2
403,Garfield Avenue 885,2
933,Willow Avenue 3865,3
1020,Andover Court 4130,5
455,River Street 3296,1
987,Willow Avenue 1175,8
9,King Street 4431,0
819,Woodland Drive 4124,7
713,Clay Street 3178,6
878,River Street 1280,2
196,White Street 2213,4
633,River Street 4089,4
1072,King Street 4660,0
319,Highland Drive 3472,6
310,Av. Nueva Providencia 2249,3
697,Franklin Avenue 4126,9
580,Andover Court 2023,0
290,Atlantic Avenue 3142,1
550,Grand Avenue 2551,1
657,Court Street 1293,9
469,Linden Avenue 2658,7
269,Arlington Avenue 4121,2
192,Court Street 632,4
409,Ann Street 2519,6
909,Arlington Avenue 1723,6
93,Route 30 245,0
1076,Route 1 3510,1
984,Monroe Street 4223,6
851,Forest Street 4314,1
719,King Street 3130,6
195,Av. Departamental 1901,5
54,Garfield Avenue 4144,2
605,Arlington Avenue 2379,1
644,Route 1 1200,7
810,Crescent Street 2430,3
29,Ann Street 3843,0
565,Andover Court 3766,0
912,Fairway Drive 3846,0
698,Willow Avenue 2889,2
1049,Laurel Drive 4110,4
557,Madison Avenue 230,8
391,Grand Avenue 1516,0
442,Cedar Avenue 202,0
554,Av. Recoleta 3202,2
653,Highland Drive 3424,0
112,John Street 3064,9
690,King Street 3020,0
826,Garfield Avenue 2780,4
389,Laurel Drive 660,5
734,Clay Street 895,9
1041,Willow Avenue 4071,1
226,Atlantic Avenue 2281,5
668,White Street 3589,9
479,Woodland Drive 3918,3
704,Laurel Lane 3441,3
998,Main Street 2199,4
861,Route 30 4341,1
445,Ann Street 2635,3
325,Summit Avenue 3228,2
188,Monroe Street 799,6
863,White Street 2134,3
477,Maiden Lane 152,4
408,Fairway Drive 4281,7
685,Cottage Street 972,1
901,Fairway Drive 888,7
440,Av. General Rondizzoni 1650,3
481,Atlantic Avenue 3909,7
529,Willow Avenue 4483,1
168,Main Street 115,1
881,Grand Avenue 588,7
634,Route 30 4475,5
206,Devon Court 3528,0
287,Grand Avenue 1962,7
500,Cedar Lane 3035,6
953,Laurel Lane 3600,4
164,Grand Avenue 934,2
662,King Street 482,1
249,Essex Court 2441,5
808,Maiden Lane 4676,2
1057,Pleasant Street 141,4
546,Warren Avenue 4549,8
429,Orchard Avenue 2495,8
579,Maiden Lane 704,7
110,Charles Street 1972,2
884,Linden Avenue 4782,2
836,Andover Court 4388,8
980,Andover Court 3234,0
1007,Avda. Laguna Sur 7297,7
372,Main Street 2485,1
207,Clay Street 818,6
239,Av. Neptuno Oriente frente al 260,7
86,Jefferson Avenue 3041,8
945,Court Street 1878,5
357,Clay Street 2428,8
394,Linden Avenue 2662,8
214,Arlington Avenue 2472,3
1091,Atlantic Avenue 673,1
349,Heather Lane 2710,7
623,Charles Street 2242,5
883,Pleasant Street 2965,3
1097,Av. Vicuña Mackenna 2601,1
410,Atlantic Avenue 1956,4
807,Crescent Street 2472,6
590,Willow Avenue 2535,8
15,Fairway Drive 1345,6
857,Av. Pajaritos 1921,7
1014,Essex Court 3964,5
740,Main Street 2068,3
430,Ann Street 1084,5
335,Hanover Court 4895,1
293,Franklin Avenue 1160,8
842,Maiden Lane 3659,3
617,Rose Street 3548,0
1083,Woodland Drive 2729,7
376,Laurel Lane 3861,5
948,Summit Avenue 3054,8
621,Woodland Drive 3706,8
1042,King Street 4035,0
654,Pleasant Street 863,1
1078,Andover Court 649,3
663,Front Street North 4949,5
549,Orchard Avenue 2312,1
1093,Briarwood Drive 4938,2
1043,Pleasant Street 3890,3
702,Garfield Avenue 4720,3
837,Front Street North 185,6
608,Hanover Court 4686,0
246,Laurel Lane 1405,4
586,Route 30 3527,3
551,Summit Avenue 3160,3
563,Olive Street 652,9
39,Heather Lane 2758,1
150,Olive Street 3043,7
369,Grand Avenue 1748,1
535,Devon Court 486,1
1010,Broad Street 3922,8
792,Broad Street 3821,9
1038,Pleasant Street 807,7
1022,Charles Street 4581,4
854,Clay Street 4486,0
763,Linden Avenue 136,8
528,Laurel Lane 4602,0
752,Arlington Avenue 4835,5
989,Orchard Avenue 2596,4
764,Olive Street 4663,3
118,Court Street 3348,9
639,Willow Avenue 1246,3
508,Windsor Drive 3581,1
132,Laurel Lane 4090,1
877,Summit Avenue 2305,7
1045,Cedar Lane 4827,7
622,Av. San Pablo 6190,0
259,Pleasant Street 3100,3
965,Clay Street 4224,9
16,Hanover Court 4980,4
253,Main Street 2640,0
38,Maiden Lane 4811,0
515,Devon Court 537,7
307,Charles Street 1602,4
292,Olive Street 4150,6
305,Fairway Drive 4222,0
378,Franklin Court 1511,8
611,Atlantic Avenue 3689,0
828,Briarwood Drive 1882,1
133,Heather Lane 2100,5
306,Forest Street 2442,0
224,Crescent Street 3505,8
379,Charles Street 4929,8
114,Charles Street 2276,5
724,Briarwood Drive 2036,5
910,Woodland Drive 806,1
350,Rose Street 4896,0
830,Maiden Lane 4448,8
4,Hanover Court 3979,9
343,Jefferson Avenue 3742,7
129,Clay Street 2540,9
652,Essex Court 1003,0
238,Av. Irarrázaval 2461,0
796,Briarwood Drive 3062,1
183,Cedar Lane 561,2
643,Route 30 1184,7
821,Olive Street 2740,8
638,Country Club Road 890,1
628,Rose Street 1162,6
104,Broad Street 2529,3
839,Pleasant Street 4545,8
533,John Street 4729,4
1011,Front Street North 3262,0
850,Av. Providencia 1880,7
464,Williams Street 2650,3
69,Carlos Dittborn 733,8
849,Willow Avenue 653,2
128,Windsor Drive 670,2
658,Broad Street 787,4
950,Franklin Court 4082,4
560,Main Street 2504,9
803,Cottage Street 3755,0
289,Fairway Drive 3925,4
897,Clay Street 3287,1
782,Arlington Avenue 876,4
1027,Rose Street 924,9
898,Essex Court 2688,8
548,Ann Street 2364,1
98,Woodland Drive 1518,6
592,Orchard Avenue 1902,3
767,Cottage Street 4941,6
492,Crescent Street 4274,2
676,Maiden Lane 441,9
267,Clay Street 3322,2
30,River Street 1195,3
1029,Country Club Road 4802,4
789,Linden Avenue 3998,1
1054,Essex Court 565,9
1047,Atlantic Avenue 4346,1
747,Av. Américo Vespucio Frente al 7340,5
140,Clay Street 2957,9
321,Main Street 2560,7
507,Williams Street 4341,7
368,White Street 2317,7
612,Briarwood Drive 4395,1
243,Woodland Drive 1189,7
471,Maiden Lane 3377,4
53,Front Street North 2093,7
940,Laurel Lane 213,0
975,Linden Avenue 3536,2
311,Maiden Lane 1589,2
960,Highland Drive 528,0
441,River Street 2787,7
962,Madison Avenue 4442,3
134,Andover Court 4045,0
801,John Street 3479,4
799,Charles Street 3906,7
299,Cottage Street 2289,3
559,John Street 1867,3
169,Heather Lane 4463,5
300,Woodland Drive 59,8
61,Pleasant Street 2089,5
968,Front Street North 2203,0
148,Laurel Drive 3088,1
1064,Country Club Road 2692,2
247,Country Club Road 1963,1
79,Arlington Avenue 1291,9
172,Crescent Street 4607,0
684,Broad Street 3091,1
387,Court Street 2044,4
1074,Warren Avenue 4898,9
400,Essex Court 2701,3
204,Franklin Avenue 2649,3
386,Windsor Drive 2846,9
70,Main Street 207,9
122,Andover Court 647,4
745,Franklin Avenue 2768,0
893,Arlington Avenue 3422,0
969,Grand Avenue 4148,1
257,White Street 590,1
1052,Av. Einstein 601,1
385,Essex Court 2721,4
818,Atlantic Avenue 1980,3
751,Front Street North 1244,5
358,Front Street North 137,8
458,Front Street North 3947,1
97,Broad Street 295,8
144,Monroe Street 837,0
961,Laurel Drive 1549,7
116,Av. Libertador Bernardo O`Higgins 1774,4
695,Main Street 214,0
67,Atlantic Avenue 3657,5
451,Andover Court 3074,2
1031,Front Street North 1593,1
279,Country Club Road 3620,0
703,Rose Street 4188,8
186,Grand Avenue 2643,6
5,Laurel Lane 3292,7
26,Windsor Drive 4262,3
519,Garfield Avenue 656,0
308,Atlantic Avenue 4105,9
425,Highland Drive 2701,1
2,Grand Avenue 4592,6
40,Broad Street 1159,2
331,Route 1 2935,1
51,Ann Street 3299,3
124,Maiden Lane 1986,2
929,Laurel Lane 3889,3
413,Devon Court 3671,8
700,Clay Street 4751,8
567,Crescent Street 3697,9
28,Heather Lane 1747,5
974,Front Street North 2918,2
900,Charles Street 981,4
355,Madison Avenue 70,3
162,River Street 1264,6
138,King Street 1025,2
581,Cedar Lane 3237,5
294,Country Club Road 4834,7
503,Highland Drive 4275,8
750,Orchard Avenue 2674,2
520,Clay Street 134,0
640,King Street 3451,2
209,Essex Court 2503,6
614,Cedar Lane 3337,9
371,Clay Street 227,1
215,Franklin Avenue 4601,6
45,Country Club Road 4213,0
22,Summit Avenue 2151,5
512,Atlantic Avenue 4686,0
1032,Windsor Drive 3637,5
230,River Street 1089,8
221,Linden Avenue 2619,4
569,Hanover Court 2373,8
576,Pleasant Street 4994,3
932,Orchard Avenue 382,8
94,River Street 604,8
574,Ann Street 1662,3
636,Atlantic Avenue 4905,9
314,Cottage Street 2707,0
678,River Street 4789,7
428,Heather Lane 3233,8
475,Arlington Avenue 2908,8
680,Warren Avenue 4339,0
154,Fairway Drive 2033,0
483,Laurel Lane 3130,4
265,Arlington Avenue 668,5
648,Main Street 2736,5
982,Essex Court 1606,2
738,Laurel Drive 738,3
921,Broad Street 4962,0
426,Broad Street 3797,6
367,River Street 2671,2
547,Catedral 1512,0
802,Ann Street 600,1
23,Broad Street 2167,9
541,Av. Teniente Cruz 800,1
264,Laurel Lane 2035,3
345,Broad Street 1655,5
484,Windsor Drive 2832,3
274,Orchard Avenue 229,1
649,Franklin Court 1370,4
222,Highland Drive 2644,0
625,Franklin Court 4591,4
880,River Street 3553,5
681,Willow Avenue 421,0
377,River Street 4029,9
218,Front Street North 2994,9
113,Franklin Court 3459,2
320,Linden Avenue 4404,2
324,Rose Street 3186,6
756,John Street 4986,9
21,Front Street North 1357,8
417,Av. Irarrazaval 351,9
1056,Linden Avenue 928,3
227,Cedar Avenue 1037,6
364,Court Street 2180,5
997,Rose Street 1877,0
203,Devon Court 2205,7
671,Court Street 1927,1
1068,Briarwood Drive 1206,3
1021,Willow Avenue 1302,0
220,Av. Recoleta 1502,8
286,Laurel Drive 2916,6
659,Grand Avenue 1541,6
748,Heather Lane 251,0
840,John Street 2141,2
1005,Fairway Drive 150,2
91,Route 30 67,0
986,Windsor Drive 369,8
978,Court Street 3186,3
450,River Street 497,7
194,Main Street 1289,8
1023,Willow Avenue 2919,9
161,Cottage Street 2258,0
1035,Franklin Avenue 1555,1
783,Summit Avenue 136,3
131,Charles Street 983,4
365,Main Street 4571,2
675,Franklin Avenue 2101,9
999,Route 1 2187,7
77,Hanover Court 4370,0
459,Windsor Drive 1475,4
732,Hanover Court 1001,7
1025,Warren Avenue 2906,9
1094,Grand Avenue 3479,6
811,Jefferson Avenue 3085,4
733,White Street 735,1
737,Atlantic Avenue 4736,5
404,Warren Avenue 307,0
1019,Franklin Court 1506,5
111,Briarwood Drive 878,7
656,Orchard Avenue 3302,2
736,Arlington Avenue 325,4
985,Nataniel Cox 2370,5
1024,Woodland Drive 4567,0
20,Martín de Solier 4598,4
679,Route 30 2754,9
964,Warren Avenue 4290,9
37,Cottage Street 2329,5
1048,Linden Avenue 264,9
33,Briarwood Drive 3071,1
899,Fairway Drive 1668,6
336,Route 1 4790,2
328,Atlantic Avenue 2134,7
474,Briarwood Drive 780,5
852,Maiden Lane 1610,3
692,Cedar Lane 904,1
422,Fairway Drive 3306,1
834,Cedar Lane 1937,2
838,Route 30 1493,2
835,Fairway Drive 3619,4
717,Grand Avenue 2550,1
166,River Street 3120,4
957,Garfield Avenue 1770,7
532,Laurel Lane 2512,8
96,Devon Court 3672,4
271,Briarwood Drive 3577,6
599,Madison Avenue 768,3
56,Olive Street 3781,8
303,Broad Street 3333,8
709,Route 1 2027,9
619,Maiden Lane 3734,4
241,Monroe Street 2206,4
924,Hanover Court 3982,1
539,Cedar Avenue 532,3
716,Clay Street 3713,1
582,White Street 834,5
57,Broad Street 3096,7
339,White Street 2184,9
552,Forest Street 4752,2
970,Cedar Lane 3033,5
200,Gran Avenida José Miguel Carrera 8870,8
17,Olive Street 75,6
95,Arlington Avenue 1366,7
904,Clay Street 835,3
523,Country Club Road 2062,0
384,Cedar Lane 347,4
720,Ann Street 640,3
591,Ann Street 589,3
1018,Williams Street 1075,2
24,Route 30 3391,8
68,John Street 2804,8
845,Court Street 2099,7
888,Front Street North 1661,3
330,Highland Drive 4637,5
645,Hanover Court 264,4
375,Andover Court 3651,2
74,Windsor Drive 212,3
176,Essex Court 2063,5
109,Route 1 3200,2
942,Warren Avenue 4381,3
84,Fairway Drive 4660,4
682,Ann Street 4310,7
568,Heather Lane 1013,7
185,Charles Street 2796,5
670,Forest Street 657,8
228,Devon Court 3201,4
908,Rose Street 3150,1
468,Devon Court 3929,7
637,Franklin Court 514,4
601,Atlantic Avenue 565,8
278,John Street 1387,8
470,Front Street North 2135,2
772,Monroe Street 4209,5
816,Charles Street 1777,6
511,Grand Avenue 4640,1
894,Fairway Drive 477,0
779,Court Street 3427,6
392,Essex Court 3391,4
275,Crescent Street 108,8
418,Franklin Avenue 1401,1
1085,Andover Court 4646,7
248,Highland Drive 3514,6
80,Woodland Drive 3788,0
647,Franklin Court 1713,7
1063,Laurel Lane 782,4
514,Clay Street 250,5
106,Essex Court 1867,0
903,Summit Avenue 1816,8
49,Av. Santa Rosa 8914,1
75,Madison Avenue 977,2
930,Hanover Court 630,3
412,Charles Street 1899,4
906,Clay Street 2633,3
212,Windsor Drive 527,1
142,Clay Street 3319,7
715,Linden Avenue 2525,2
843,Woodland Drive 2282,8
553,Arlington Avenue 831,8
352,Devon Court 2680,2
146,Mosqueto 515,5
1002,Essex Court 1146,5
530,Av. Carlos Valdovinos 3346,0
139,Rose Street 2454,4
765,Route 30 2876,8
935,Route 1 4194,5
589,Atlantic Avenue 2542,5
205,Arlington Avenue 4816,3
725,Andover Court 1601,9
793,Madison Avenue 2422,9
472,King Street 2313,9
604,Broad Street 2166,7
211,Route 1 2885,2
664,Orchard Avenue 2765,5
48,Pleasant Street 3809,9
1016,Av. Macul 6309,1
424,White Street 860,9
699,River Street 3781,8
46,Av. San Pablo 6190,8
859,Route 30 3987,0
603,John Street 1113,5
1012,Heather Lane 4899,2
943,Warren Avenue 4844,3
73,White Street 3347,2
922,Williams Street 2537,5
718,Windsor Drive 987,0
323,Fairway Drive 1177,2
456,River Street 4882,5
537,Grand Avenue 309,4
354,Essex Court 4795,0
322,White Street 4278,2
629,King Street 4861,9
833,Grand Avenue 2684,1
584,Grand Avenue 2077,8
155,Broad Street 1315,3
1013,Clay Street 4445,1
521,Jefferson Avenue 540,1
990,Willow Avenue 1409,0
1096,Warren Avenue 213,9
498,Main Street 3075,4
419,Essex Court 417,1
585,Laurel Drive 3276,7
587,Devon Court 267,7
504,Pleasant Street 3468,0
812,Grand Avenue 50,2
233,Av. Grecia 2298,3
398,General Mackenna 1100,6
1050,Main Street 2473,7
651,Franklin Avenue 1230,0
173,Franklin Court 3949,7
677,Heather Lane 490,9
627,Heather Lane 744,2
1061,River Street 1261,9
473,Charles Street 2971,9
525,Grand Avenue 3033,2
42,Warren Avenue 323,9
1071,Devon Court 1277,6
936,Essex Court 2317,4
76,Charles Street 1832,8
650,Pleasant Street 665,5
939,Willow Avenue 4910,6
995,Fairway Drive 1802,2
502,Jefferson Avenue 1493,4
92,Woodland Drive 2853,0
706,Woodland Drive 775,9
101,Forest Street 2952,3
1000,Atlantic Avenue 2974,3
760,Olive Street 3114,4
65,Monroe Street 2011,9
955,Willow Avenue 4552,2
890,Madison Avenue 3129,6
994,Williams Street 3944,1
711,Main Street 3605,2
234,Crescent Street 4239,6
721,Front Street North 4784,1
886,Highland Drive 1691,2
971,Franklin Avenue 4485,7
90,Route 1 874,1
800,Clay Street 837,9
848,Olive Street 4254,4
728,Cottage Street 3751,4
959,King Street 4077,3
1086,Clay Street 2044,9
41,Maiden Lane 1464,0
687,Cottage Street 2304,9
889,Clay Street 4849,1
115,Toesca 1635,4
566,Eliodoro Yañez 2987,3
64,Windsor Drive 415,3
304,Monroe Street 4619,0
723,Devon Court 1747,8
1089,Warren Avenue 3568,7
374,Laurel Drive 3156,5
177,Windsor Drive 1335,4
270,Monroe Street 1078,6
731,Windsor Drive 2400,5
309,Route 1 2262,7
482,Essex Court 773,0
916,Clay Street 3512,8
353,Jefferson Avenue 3341,8
1039,Andover Court 3456,6
1040,Laurel Drive 2803,5
788,Franklin Court 683,9
11,Laurel Drive 1854,4
457,Cottage Street 3812,1
