64,Almacen Camino,52,360
81,Propiedades Almacen,866,361
3,Almendras Almacen,102,411
59,Almacen Madera,494,400
62,Oda Almacen,773,464
86,Almacen Intensas,400,455
41,Oda Almacen,212,402
28,Almacen Madera,1094,460
96,Camelias Almacen,892,241
29,Almacen Tulipan,1063,321
101,Almacen Fluido,194,308
68,Almacen Elegante,632,420
26,Almacen Centrales,404,468
46,Almacen Fortaleza,528,459
84,Almacen Hada,711,311
72,Algortimos Almacen,156,417
50,Fuera del cofre,257,415
15,Algortimos Almacen,582,462
79,Almacen Ecuacion,542,408
60,Fantasia Almacen,670,444
40,Inversiones Almacen,430,399
90,Almacen Receta,294,300
36,Almacen Cuspides,74,339
0,Almacen Centrales,506,319
30,Almacen Autor,819,449
32,Paw Almacen,777,201
91,Fuera del atico,141,279
67,Almacen Incidente,241,285
43,Propiedades Almacen,876,461
31,Almacen Colmena,372,376
99,El cofre del tesoro,787,295
33,Almacen Fluido,208,81
14,Calle Antigua,377,450
8,Couture Almacen,122,429
80,Antique Me,393,305
49,Almacen Cables,21,403
35,Almacen Cuspides,567,424
97,Luz Almacen,225,147
13,Almacen Fluido,387,423
23,Almacen Almeja,957,394
16,Fuera del cofre,838,451
55,Almacen Camino,1068,427
6,Almacen Camino,462,440
38,Almacen Ecuacion,701,351
54,Asteroide Cofre,698,374
58,La Casa de la Abuela Antiguedades,1084,364
21,Almacen Afinidad,823,222
75,Almacen Incidente,882,442
71,Couture Almacen,158,337
11,Steak Almacen,1053,456
76,Almacen Colmena,539,363
87,Buqui Almacen,594,389
48,Almacen Petalos,291,430
65,El cofre del tesoro,1088,357
52,Almacen Petalos,618,167
2,Casa Antigua,213,386
44,exito Almacen,59,433
53,Almacen Intensas,90,412
70,Almacen Intensas,962,457
19,Buqui Almacen,324,395
39,Steak Almacen,1048,354
18,Steak Almacen,615,463
93,Almacen Cambio,772,335
9,Almacen Idea,229,414
34,Paw Almacen,183,409
66,Almacen Estilo,1055,332
51,Oda Almacen,1074,458
57,Luz Almacen,969,447
73,Almacen Fluido,100,467
82,Quetzal Almacen,950,413
10,Almacen Caninos,97,391
94,Steak Almacen,858,341
42,Almacen Madera,492,304
25,Steak Almacen,272,439
47,Almacen Camino,286,153
56,Algortimos Almacen,1003,435
89,Fuera del atico,182,388
17,Focus Almacen,679,441
78,Lacio Almacen,172,307
85,Almacen Almeja,1061,445
5,La Casa de la Abuela Antiguedades,990,465
37,Sustentables Almacen,835,334
88,Backup Almacen,1064,469
20,Familiares Almacen,523,132
83,Fuera del atico,613,228
1,Tesoros el dia 42,1049,443
92,Almacen Caninos,657,349
45,Familiares Almacen,532,446
27,Almacen Incidente,841,315
98,Almacen Almeja,987,234
77,Familiares Almacen,309,454
63,Almacen Caninos,285,396
24,Almacen Centrales,283,466
61,Pimienta Almacen,145,470
7,Couture Almacen,150,368
12,Almendras Almacen,99,438
74,Almacen Hada,1011,373
22,Almacen Andares,648,428
95,Almendras Almacen,730,405
4,Fuera del atico,429,437
100,Casa Antigua,170,372
69,Almacen Recreativas,93,338
